Case,Model,Material,Bezel,Brazalete,Provider,Serial,Year,End Piece Code,Movement Number,Cost,Price,Description,Card,Papers,Services Papers,Has Box,Third Party,Image
114060,Submariner,Stainless Steel,Ceramic Black,Oyster,Official Dealer,ABC123XYZ,2020,EP001,3130,8000,12000,Full set with box and papers,Yes,Yes,No,Yes,No,
116334,Datejust II,Stainless Steel & White Gold,Fluted White Gold,Jubilee,Gray Market,DEF456ABC,2019,EP002,3235,6000,9000,Excellent condition,Yes,Yes,Yes,Yes,No,
116400GV,Milgauss,Stainless Steel,Smooth,Oyster,Authorized Dealer,GHI789XYZ,2021,EP003,3131,7500,11000,Green sapphire crystal,Yes,Yes,No,Yes,No,
116500LN,Daytona,Stainless Steel,Ceramic Black,Oyster,Private Seller,JKL012ABC,2018,EP004,4130,25000,35000,Panda dial with box,Yes,Yes,Yes,Yes,No,
126710BLRO,GMT-Master II,Stainless Steel,Ceramic Pepsi,Jubilee,Boutique,MNO345XYZ,2022,EP005,3285,15000,22000,Pepsi bezel full set,Yes,Yes,No,Yes,No,
116610LN,Submariner Date,Stainless Steel,Ceramic Black,Oyster,Certified Dealer,PQR678ABC,2017,EP006,3135,9000,13500,Black dial date model,Yes,Yes,Yes,Yes,No,
116610LV,Submariner Date,Stainless Steel,Ceramic Green,Oyster,Official Dealer,STU901XYZ,2019,EP007,3135,12000,18000,Hulk green bezel,Yes,Yes,No,Yes,No,
126300,Datejust,Stainless Steel,Smooth,Oyster,Boutique,VWX234ABC,2021,EP008,3235,7000,10500,Slate dial 41mm,Yes,Yes,Yes,Yes,No,
116233,Datejust,Steel & Yellow Gold,Fluted Gold,Jubilee,Gray Market,YZA567XYZ,2016,EP009,3135,8500,12500,Champagne dial two-tone,Yes,Yes,No,Yes,No,
116660,Sea-Dweller Deepsea,Stainless Steel,Ceramic Black,Oyster,Authorized Dealer,BCD890ABC,2020,EP010,3235,11000,16000,James Cameron deep blue,Yes,Yes,Yes,Yes,No,



